<?xml version="1.0" encoding="UTF-8"?>
<semanticLayerDataSource exportedWithPermissions="false"><folder>/public/OpenStackInfrastructure_ZenPack</folder><name>OpenStackInfrastructure_Domain</name><version>0</version><label>OpenStackInfrastructure Domain</label><creationDate>2014-10-08T19:48:53.000-05:00</creationDate><updateDate>2014-10-08T19:48:53.000-05:00</updateDate><schema><localResource xmlns:xsi="http://www.w3.org/2001/XMLSchema-instance" exportedWithPermissions="false" dataFile="schema.xml.data" xsi:type="fileResource"><folder>/public/OpenStackInfrastructure_ZenPack/OpenStackInfrastructure_Domain_files</folder><name>schema.xml</name><version>0</version><label>schema</label><description>schema</description><creationDate>2014-10-08T19:48:53.000-05:00</creationDate><updateDate>2014-10-08T19:48:53.000-05:00</updateDate><fileType>xml</fileType></localResource></schema><dataSource><alias>zenoss_reporting</alias><dataSourceReference><uri>/organizations/zenoss/Data_Sources/zenoss_reporting</uri></dataSourceReference></dataSource></semanticLayerDataSource>