<?xml version="1.0" encoding="UTF-8"?>
<adhocDataView exportedWithPermissions="false"><folder>/public/OpenStackInfrastructure_ZenPack</folder><name>OpenStack_Instance_List</name><version>0</version><label>OpenStack Instance List</label><description></description><creationDate>2014-10-08T20:04:57.000-05:00</creationDate><updateDate>2014-10-08T20:04:57.000-05:00</updateDate><dataSource><uri>/public/OpenStackInfrastructure_ZenPack/OpenStackInfrastructure_Domain</uri></dataSource><resource><localResource xmlns:xsi="http://www.w3.org/2001/XMLSchema-instance" exportedWithPermissions="false" dataFile="topicJRXML.data" xsi:type="fileResource"><folder>/public/OpenStackInfrastructure_ZenPack/OpenStack_Instance_List_files</folder><name>topicJRXML</name><version>0</version><label>topicJRXML</label><creationDate>2014-10-08T20:04:57.000-05:00</creationDate><updateDate>2014-10-08T20:04:57.000-05:00</updateDate><fileType>jrxml</fileType></localResource></resource><resource><localResource xmlns:xsi="http://www.w3.org/2001/XMLSchema-instance" exportedWithPermissions="false" dataFile="stateXML.data" xsi:type="fileResource"><folder>/public/OpenStackInfrastructure_ZenPack/OpenStack_Instance_List_files</folder><name>stateXML</name><version>0</version><label>stateXML</label><creationDate>2014-10-08T20:04:57.000-05:00</creationDate><updateDate>2014-10-08T20:04:57.000-05:00</updateDate><fileType>xml</fileType></localResource></resource><alwaysPromptControls>false</alwaysPromptControls><controlsLayout>1</controlsLayout></adhocDataView>