<?xml version="1.0" encoding="UTF-8"?>
<jdbcDataSource exportedWithPermissions="false"><folder>/organizations/zenoss/Data_Sources</folder><name>zenoss_reporting</name><version>1</version><label>Zenoss Reporting</label><description>The Zenoss Datawarehouse. Choose this as the datasource for all domains, ad hoc view and reports</description><creationDate>2014-09-12T13:22:58.000-05:00</creationDate><updateDate>2014-09-12T13:42:39.000-05:00</updateDate><driver>com.mysql.jdbc.Driver</driver><connectionUrl>jdbc:mysql://localhost:13306/reporting?useUnicode=true&amp;characterEncoding=UTF-8</connectionUrl><connectionUser>reporting_read</connectionUser><connectionPassword>ENC&lt;441EF90FB19BE5C3E4B322E91A8E89B5&gt;</connectionPassword><timezone></timezone></jdbcDataSource>